{
  "metric": "p99_abs_diff",
  "layer": 20,
  "models": [
    "solar",
    "glm",
    "phi"
  ],
  "mats": {
    "input_layernorm": [
      [
        0.0,
        0.3439455032348633,
        0.21894550323486328
      ],
      [
        0.3439455032348633,
        0.0,
        0.125
      ],
      [
        0.21894550323486328,
        0.125,
        0.0
      ]
    ],
    "post_attention_layernorm": [
      [
        0.0,
        0.9769535064697266,
        0.00390625
      ],
      [
        0.9769535064697266,
        0.0,
        0.9730472564697266
      ],
      [
        0.00390625,
        0.9730472564697266,
        0.0
      ]
    ],
    "k_proj": [
      [
        0.0,
        0.046875,
        0.033203125
      ],
      [
        0.046875,
        0.0,
        0.013671875
      ],
      [
        0.033203125,
        0.013671875,
        0.0
      ]
    ],
    "v_proj": [
      [
        0.0,
        0.000244140625,
        0.01904296875
      ],
      [
        0.000244140625,
        0.0,
        0.019287109375
      ],
      [
        0.01904296875,
        0.019287109375,
        0.0
      ]
    ]
  }
}