{
  "metric": "p99_abs_diff",
  "solar_layer": 10,
  "glm_layer": 20,
  "phi_layer": 30,
  "models": [
    "solar",
    "glm",
    "phi"
  ],
  "mats": {
    "input_layernorm": [
      [
        0.0,
        0.3439455032348633,
        0.109375
      ],
      [
        0.3439455032348633,
        0.0,
        0.23457050323486328
      ],
      [
        0.109375,
        0.23457050323486328,
        0.0
      ]
    ],
    "post_attention_layernorm": [
      [
        0.0,
        1.1175785064697266,
        0.49609375
      ],
      [
        1.1175785064697266,
        0.0,
        0.6214847564697266
      ],
      [
        0.49609375,
        0.6214847564697266,
        0.0
      ]
    ],
    "k_proj": [
      [
        0.0,
        0.0439453125,
        0.0361328125
      ],
      [
        0.0439453125,
        0.0,
        0.0078125
      ],
      [
        0.0361328125,
        0.0078125,
        0.0
      ]
    ],
    "v_proj": [
      [
        0.0,
        0.007568359375,
        0.026611328125
      ],
      [
        0.007568359375,
        0.0,
        0.0341796875
      ],
      [
        0.026611328125,
        0.0341796875,
        0.0
      ]
    ]
  }
}