{
  "metric": "p99_abs_diff",
  "layer": 30,
  "models": [
    "solar",
    "glm",
    "phi"
  ],
  "mats": {
    "input_layernorm": [
      [
        0.0,
        0.5158205032348633,
        0.12890625
      ],
      [
        0.5158205032348633,
        0.0,
        0.3869142532348633
      ],
      [
        0.12890625,
        0.3869142532348633,
        0.0
      ]
    ],
    "post_attention_layernorm": [
      [
        0.0,
        1.10546875,
        0.1953125
      ],
      [
        1.10546875,
        0.0,
        0.91015625
      ],
      [
        0.1953125,
        0.91015625,
        0.0
      ]
    ],
    "k_proj": [
      [
        0.0,
        0.04931640625,
        0.0322265625
      ],
      [
        0.04931640625,
        0.0,
        0.01708984375
      ],
      [
        0.0322265625,
        0.01708984375,
        0.0
      ]
    ],
    "v_proj": [
      [
        0.0,
        0.003662109375,
        0.02587890625
      ],
      [
        0.003662109375,
        0.0,
        0.029541015625
      ],
      [
        0.02587890625,
        0.029541015625,
        0.0
      ]
    ]
  }
}