{
  "metric": "p99_abs_diff",
  "layer": 10,
  "models": [
    "solar",
    "glm",
    "phi"
  ],
  "mats": {
    "input_layernorm": [
      [
        0.0,
        0.1796875,
        0.01181650161743164
      ],
      [
        0.1796875,
        0.0,
        0.16787099838256836
      ],
      [
        0.01181650161743164,
        0.16787099838256836,
        0.0
      ]
    ],
    "post_attention_layernorm": [
      [
        0.0,
        0.671875,
        0.08203125
      ],
      [
        0.671875,
        0.0,
        0.75390625
      ],
      [
        0.08203125,
        0.75390625,
        0.0
      ]
    ],
    "k_proj": [
      [
        0.0,
        0.02685546875,
        0.0029296875
      ],
      [
        0.02685546875,
        0.0,
        0.02392578125
      ],
      [
        0.0029296875,
        0.02392578125,
        0.0
      ]
    ],
    "v_proj": [
      [
        0.0,
        0.014404296875,
        0.0029296875
      ],
      [
        0.014404296875,
        0.0,
        0.011474609375
      ],
      [
        0.0029296875,
        0.011474609375,
        0.0
      ]
    ]
  }
}