{
  "metric": "mean_abs_diff",
  "layer": 10,
  "models": [
    "solar",
    "glm",
    "phi"
  ],
  "mats": {
    "input_layernorm": [
      [
        0.0,
        0.2615238428115845,
        0.09079797565937042
      ],
      [
        0.2615238428115845,
        0.0,
        0.17799952626228333
      ],
      [
        0.09079797565937042,
        0.17799952626228333,
        0.0
      ]
    ],
    "post_attention_layernorm": [
      [
        0.0,
        0.6094813346862793,
        0.07330185174942017
      ],
      [
        0.6094813346862793,
        0.0,
        0.6753029823303223
      ],
      [
        0.07330185174942017,
        0.6753029823303223,
        0.0
      ]
    ],
    "k_proj": [
      [
        0.0,
        0.03304135799407959,
        0.036437664180994034
      ],
      [
        0.03304135799407959,
        0.0,
        0.033736102283000946
      ],
      [
        0.036437664180994034,
        0.033736102283000946,
        0.0
      ]
    ],
    "v_proj": [
      [
        0.0,
        0.013560875318944454,
        0.015797046944499016
      ],
      [
        0.013560875318944454,
        0.0,
        0.013305142521858215
      ],
      [
        0.015797046944499016,
        0.013305142521858215,
        0.0
      ]
    ]
  }
}