{
  "metric": "mean_abs_diff",
  "layer": 20,
  "models": [
    "solar",
    "glm",
    "phi"
  ],
  "mats": {
    "input_layernorm": [
      [
        0.0,
        0.3259623050689697,
        0.16606366634368896
      ],
      [
        0.3259623050689697,
        0.0,
        0.16257846355438232
      ],
      [
        0.16606366634368896,
        0.16257846355438232,
        0.0
      ]
    ],
    "post_attention_layernorm": [
      [
        0.0,
        0.9120145440101624,
        0.04161301255226135
      ],
      [
        0.9120145440101624,
        0.0,
        0.8789663314819336
      ],
      [
        0.04161301255226135,
        0.8789663314819336,
        0.0
      ]
    ],
    "k_proj": [
      [
        0.0,
        0.030984634533524513,
        0.03178546577692032
      ],
      [
        0.030984634533524513,
        0.0,
        0.02618826925754547
      ],
      [
        0.03178546577692032,
        0.02618826925754547,
        0.0
      ]
    ],
    "v_proj": [
      [
        0.0,
        0.0135671840980649,
        0.018211454153060913
      ],
      [
        0.0135671840980649,
        0.0,
        0.018260162323713303
      ],
      [
        0.018211454153060913,
        0.018260162323713303,
        0.0
      ]
    ]
  }
}