{
  "metric": "mean_abs_diff",
  "layer": 30,
  "models": [
    "solar",
    "glm",
    "phi"
  ],
  "mats": {
    "input_layernorm": [
      [
        0.0,
        0.48103174567222595,
        0.14059728384017944
      ],
      [
        0.48103174567222595,
        0.0,
        0.3427487909793854
      ],
      [
        0.14059728384017944,
        0.3427487909793854,
        0.0
      ]
    ],
    "post_attention_layernorm": [
      [
        0.0,
        1.0549707412719727,
        0.19518083333969116
      ],
      [
        1.0549707412719727,
        0.0,
        0.8654543161392212
      ],
      [
        0.19518083333969116,
        0.8654543161392212,
        0.0
      ]
    ],
    "k_proj": [
      [
        0.0,
        0.029417607933282852,
        0.03213498368859291
      ],
      [
        0.029417607933282852,
        0.0,
        0.025029275566339493
      ],
      [
        0.03213498368859291,
        0.025029275566339493,
        0.0
      ]
    ],
    "v_proj": [
      [
        0.0,
        0.016255561262369156,
        0.0224992074072361
      ],
      [
        0.016255561262369156,
        0.0,
        0.02182619646191597
      ],
      [
        0.0224992074072361,
        0.02182619646191597,
        0.0
      ]
    ]
  }
}