{
  "metric": "mean_abs_diff",
  "solar_layer": 10,
  "glm_layer": 20,
  "phi_layer": 30,
  "models": [
    "solar",
    "glm",
    "phi"
  ],
  "mats": {
    "input_layernorm": [
      [
        0.0,
        0.4121653437614441,
        0.1978442221879959
      ],
      [
        0.4121653437614441,
        0.0,
        0.21596026420593262
      ],
      [
        0.1978442221879959,
        0.21596026420593262,
        0.0
      ]
    ],
    "post_attention_layernorm": [
      [
        0.0,
        1.0405173301696777,
        0.500347375869751
      ],
      [
        1.0405173301696777,
        0.0,
        0.5450275540351868
      ],
      [
        0.500347375869751,
        0.5450275540351868,
        0.0
      ]
    ],
    "k_proj": [
      [
        0.0,
        0.030821003019809723,
        0.03231557458639145
      ],
      [
        0.030821003019809723,
        0.0,
        0.02638164535164833
      ],
      [
        0.03231557458639145,
        0.02638164535164833,
        0.0
      ]
    ],
    "v_proj": [
      [
        0.0,
        0.014916623011231422,
        0.022050976753234863
      ],
      [
        0.014916623011231422,
        0.0,
        0.0211911890655756
      ],
      [
        0.022050976753234863,
        0.0211911890655756,
        0.0
      ]
    ]
  }
}