{
  "metric": "cv_diff",
  "layer": 30,
  "models": [
    "solar",
    "glm",
    "phi"
  ],
  "mats": {
    "input_layernorm": [
      [
        0.0,
        0.03553245961666107,
        0.003847852349281311
      ],
      [
        0.03553245961666107,
        0.0,
        0.03168460726737976
      ],
      [
        0.003847852349281311,
        0.03168460726737976,
        0.0
      ]
    ],
    "post_attention_layernorm": [
      [
        0.0,
        0.0012136325240135193,
        0.0014130733907222748
      ],
      [
        0.0012136325240135193,
        0.0,
        0.002626705914735794
      ],
      [
        0.0014130733907222748,
        0.002626705914735794,
        0.0
      ]
    ],
    "k_proj": [
      [
        0.0,
        4092.892822265625,
        1928.3837890625
      ],
      [
        4092.892822265625,
        0.0,
        2164.509033203125
      ],
      [
        1928.3837890625,
        2164.509033203125,
        0.0
      ]
    ],
    "v_proj": [
      [
        0.0,
        14507.361328125,
        3003.368896484375
      ],
      [
        14507.361328125,
        0.0,
        17510.73046875
      ],
      [
        3003.368896484375,
        17510.73046875,
        0.0
      ]
    ]
  }
}