{
  "metric": "cv_diff",
  "layer": 20,
  "models": [
    "solar",
    "glm",
    "phi"
  ],
  "mats": {
    "input_layernorm": [
      [
        0.0,
        0.013252370059490204,
        0.008440867066383362
      ],
      [
        0.013252370059490204,
        0.0,
        0.004811502993106842
      ],
      [
        0.008440867066383362,
        0.004811502993106842,
        0.0
      ]
    ],
    "post_attention_layernorm": [
      [
        0.0,
        0.0020055994391441345,
        0.012653246521949768
      ],
      [
        0.0020055994391441345,
        0.0,
        0.010647647082805634
      ],
      [
        0.012653246521949768,
        0.010647647082805634,
        0.0
      ]
    ],
    "k_proj": [
      [
        0.0,
        1371.4163818359375,
        1573.450927734375
      ],
      [
        1371.4163818359375,
        0.0,
        202.0345458984375
      ],
      [
        1573.450927734375,
        202.0345458984375,
        0.0
      ]
    ],
    "v_proj": [
      [
        0.0,
        2206.4345703125,
        986.3426513671875
      ],
      [
        2206.4345703125,
        0.0,
        1220.092041015625
      ],
      [
        986.3426513671875,
        1220.092041015625,
        0.0
      ]
    ]
  }
}