{
  "metric": "cv_diff",
  "solar_layer": 10,
  "glm_layer": 20,
  "phi_layer": 30,
  "models": [
    "solar",
    "glm",
    "phi"
  ],
  "mats": {
    "input_layernorm": [
      [
        0.0,
        0.08879426121711731,
        0.06690292805433273
      ],
      [
        0.08879426121711731,
        0.0,
        0.021891333162784576
      ],
      [
        0.06690292805433273,
        0.021891333162784576,
        0.0
      ]
    ],
    "post_attention_layernorm": [
      [
        0.0,
        0.043908871710300446,
        0.06100953742861748
      ],
      [
        0.043908871710300446,
        0.0,
        0.017100665718317032
      ],
      [
        0.06100953742861748,
        0.017100665718317032,
        0.0
      ]
    ],
    "k_proj": [
      [
        0.0,
        425.2274169921875,
        2006.45654296875
      ],
      [
        425.2274169921875,
        0.0,
        1581.2291259765625
      ],
      [
        2006.45654296875,
        1581.2291259765625,
        0.0
      ]
    ],
    "v_proj": [
      [
        0.0,
        135.199462890625,
        2983.178955078125
      ],
      [
        135.199462890625,
        0.0,
        3118.37841796875
      ],
      [
        2983.178955078125,
        3118.37841796875,
        0.0
      ]
    ]
  }
}