{
  "metric": "cv_diff",
  "layer": 10,
  "models": [
    "solar",
    "glm",
    "phi"
  ],
  "mats": {
    "input_layernorm": [
      [
        0.0,
        0.08008032292127609,
        0.048202648758888245
      ],
      [
        0.08008032292127609,
        0.0,
        0.03187767416238785
      ],
      [
        0.048202648758888245,
        0.03187767416238785,
        0.0
      ]
    ],
    "post_attention_layernorm": [
      [
        0.0,
        0.012100882828235626,
        0.0010183751583099365
      ],
      [
        0.012100882828235626,
        0.0,
        0.01108250766992569
      ],
      [
        0.0010183751583099365,
        0.01108250766992569,
        0.0
      ]
    ],
    "k_proj": [
      [
        0.0,
        363.28192138671875,
        807.3319091796875
      ],
      [
        363.28192138671875,
        0.0,
        1170.61376953125
      ],
      [
        807.3319091796875,
        1170.61376953125,
        0.0
      ]
    ],
    "v_proj": [
      [
        0.0,
        1572.6044921875,
        756.15869140625
      ],
      [
        1572.6044921875,
        0.0,
        2328.76318359375
      ],
      [
        756.15869140625,
        2328.76318359375,
        0.0
      ]
    ]
  }
}