{
  "metric": "cosine",
  "layer": 20,
  "models": [
    "solar",
    "glm",
    "phi"
  ],
  "mats": {
    "input_layernorm": [
      [
        1.0,
        0.9917916059494019,
        0.991370439529419
      ],
      [
        0.9917916059494019,
        1.0,
        0.9925710558891296
      ],
      [
        0.991370439529419,
        0.9925710558891296,
        1.0
      ]
    ],
    "post_attention_layernorm": [
      [
        1.0,
        0.9943959712982178,
        0.9950584769248962
      ],
      [
        0.9943959712982178,
        1.0,
        0.9951683282852173
      ],
      [
        0.9950584769248962,
        0.9951683282852173,
        1.0
      ]
    ],
    "k_proj": [
      [
        1.0,
        -8.336768951267004e-05,
        0.0008784007513895631
      ],
      [
        -8.336768951267004e-05,
        1.0,
        -0.00037190612056292593
      ],
      [
        0.0008784007513895631,
        -0.00037190612056292593,
        1.0
      ]
    ],
    "v_proj": [
      [
        1.0,
        -0.0013883544597774744,
        0.0006164194201119244
      ],
      [
        -0.0013883544597774744,
        1.0,
        -0.0011396913323551416
      ],
      [
        0.0006164194201119244,
        -0.0011396913323551416,
        1.0
      ]
    ]
  }
}