{
  "metric": "cosine",
  "layer": 10,
  "models": [
    "solar",
    "glm",
    "phi"
  ],
  "mats": {
    "input_layernorm": [
      [
        1.0,
        0.9810945391654968,
        0.9775816202163696
      ],
      [
        0.9810945391654968,
        1.0,
        0.9880814552307129
      ],
      [
        0.9775816202163696,
        0.9880814552307129,
        1.0
      ]
    ],
    "post_attention_layernorm": [
      [
        1.0,
        0.9874211549758911,
        0.986231803894043
      ],
      [
        0.9874211549758911,
        1.0,
        0.9876290559768677
      ],
      [
        0.986231803894043,
        0.9876290559768677,
        1.0
      ]
    ],
    "k_proj": [
      [
        1.0,
        0.00014809946878813207,
        0.0005053842905908823
      ],
      [
        0.00014809946878813207,
        1.0,
        0.0005654732813127339
      ],
      [
        0.0005053842905908823,
        0.0005654732813127339,
        1.0
      ]
    ],
    "v_proj": [
      [
        1.0,
        -0.0002324477827642113,
        -0.0005205770721659064
      ],
      [
        -0.0002324477827642113,
        1.0,
        0.0011858029756695032
      ],
      [
        -0.0005205770721659064,
        0.0011858029756695032,
        1.0
      ]
    ]
  }
}