{
  "metric": "cosine",
  "layer": 30,
  "models": [
    "solar",
    "glm",
    "phi"
  ],
  "mats": {
    "input_layernorm": [
      [
        1.0,
        0.9914292097091675,
        0.9882631301879883
      ],
      [
        0.9914292097091675,
        1.0,
        0.9915379881858826
      ],
      [
        0.9882631301879883,
        0.9915379881858826,
        1.0
      ]
    ],
    "post_attention_layernorm": [
      [
        1.0,
        0.9969309568405151,
        0.9967445135116577
      ],
      [
        0.9969309568405151,
        1.0,
        0.9968712329864502
      ],
      [
        0.9967445135116577,
        0.9968712329864502,
        1.0
      ]
    ],
    "k_proj": [
      [
        1.0,
        0.00016318618145305663,
        -0.0004553933104034513
      ],
      [
        0.00016318618145305663,
        1.0,
        0.00030277291079983115
      ],
      [
        -0.0004553933104034513,
        0.00030277291079983115,
        1.0
      ]
    ],
    "v_proj": [
      [
        1.0,
        -3.054857370443642e-05,
        -0.0007221632404252887
      ],
      [
        -3.054857370443642e-05,
        1.0,
        0.0005965758464299142
      ],
      [
        -0.0007221632404252887,
        0.0005965758464299142,
        1.0
      ]
    ]
  }
}