{
  "metric": "cosine",
  "solar_layer": 10,
  "glm_layer": 20,
  "phi_layer": 30,
  "models": [
    "solar",
    "glm",
    "phi"
  ],
  "mats": {
    "input_layernorm": [
      [
        1.0,
        0.9819803833961487,
        0.980027437210083
      ],
      [
        0.9819803833961487,
        1.0,
        0.9908534288406372
      ],
      [
        0.980027437210083,
        0.9908534288406372,
        1.0
      ]
    ],
    "post_attention_layernorm": [
      [
        1.0,
        0.990330159664154,
        0.9914232492446899
      ],
      [
        0.990330159664154,
        1.0,
        0.9956341981887817
      ],
      [
        0.9914232492446899,
        0.9956341981887817,
        1.0
      ]
    ],
    "k_proj": [
      [
        1.0,
        -0.0001918417983688414,
        0.0005117543623782694
      ],
      [
        -0.0001918417983688414,
        1.0,
        -0.000702804303728044
      ],
      [
        0.0005117543623782694,
        -0.000702804303728044,
        1.0
      ]
    ],
    "v_proj": [
      [
        1.0,
        0.00020357882021926343,
        0.00017676659626886249
      ],
      [
        0.00020357882021926343,
        1.0,
        0.00010267880861647427
      ],
      [
        0.00017676659626886249,
        0.00010267880861647427,
        1.0
      ]
    ]
  }
}