{
  "metric": "pearson",
  "layer": 10,
  "models": [
    "solar",
    "glm",
    "phi"
  ],
  "mats": {
    "input_layernorm": [
      [
        1.0,
        0.009186752140522003,
        0.0006327927112579346
      ],
      [
        0.009186752140522003,
        1.0,
        0.016565393656492233
      ],
      [
        0.0006327927112579346,
        0.016565393656492233,
        1.0
      ]
    ],
    "post_attention_layernorm": [
      [
        1.0,
        -0.005766560323536396,
        -0.0038356417790055275
      ],
      [
        -0.005766560323536396,
        1.0,
        0.0015657052863389254
      ],
      [
        -0.0038356417790055275,
        0.0015657052863389254,
        1.0
      ]
    ],
    "k_proj": [
      [
        1.0,
        0.0001492025621701032,
        0.0005058281240053475
      ],
      [
        0.0001492025621701032,
        1.0,
        0.0005648255464620888
      ],
      [
        0.0005058281240053475,
        0.0005648255464620888,
        1.0
      ]
    ],
    "v_proj": [
      [
        1.0,
        -0.00023257224529515952,
        -0.0005206367932260036
      ],
      [
        -0.00023257224529515952,
        1.0,
        0.001185699598863721
      ],
      [
        -0.0005206367932260036,
        0.001185699598863721,
        1.0
      ]
    ]
  }
}