{
  "metric": "pearson",
  "layer": 20,
  "models": [
    "solar",
    "glm",
    "phi"
  ],
  "mats": {
    "input_layernorm": [
      [
        1.0,
        0.018073003739118576,
        0.016240157186985016
      ],
      [
        0.018073003739118576,
        1.0,
        0.019686415791511536
      ],
      [
        0.016240157186985016,
        0.019686415791511536,
        1.0
      ]
    ],
    "post_attention_layernorm": [
      [
        1.0,
        0.012136133387684822,
        0.0004151368048042059
      ],
      [
        0.012136133387684822,
        1.0,
        -0.008028590120375156
      ],
      [
        0.0004151368048042059,
        -0.008028590120375156,
        1.0
      ]
    ],
    "k_proj": [
      [
        1.0,
        -8.315249579027295e-05,
        0.0008786477847024798
      ],
      [
        -8.315249579027295e-05,
        1.0,
        -0.0003723677946254611
      ],
      [
        0.0008786477847024798,
        -0.0003723677946254611,
        1.0
      ]
    ],
    "v_proj": [
      [
        1.0,
        -0.0013885109219700098,
        0.0006161918281577528
      ],
      [
        -0.0013885109219700098,
        1.0,
        -0.00113978935405612
      ],
      [
        0.0006161918281577528,
        -0.00113978935405612,
        1.0
      ]
    ]
  }
}