{
  "metric": "pearson",
  "solar_layer": 10,
  "glm_layer": 20,
  "phi_layer": 30,
  "models": [
    "solar",
    "glm",
    "phi"
  ],
  "mats": {
    "input_layernorm": [
      [
        1.0,
        0.018977589905261993,
        0.019887179136276245
      ],
      [
        0.018977589905261993,
        1.0,
        0.00890364684164524
      ],
      [
        0.019887179136276245,
        0.00890364684164524,
        1.0
      ]
    ],
    "post_attention_layernorm": [
      [
        1.0,
        0.001901221927255392,
        -0.0004721342120319605
      ],
      [
        0.001901221927255392,
        1.0,
        0.00930825062096119
      ],
      [
        -0.0004721342120319605,
        0.00930825062096119,
        1.0
      ]
    ],
    "k_proj": [
      [
        1.0,
        -0.00019129077554680407,
        0.0005120296846143901
      ],
      [
        -0.00019129077554680407,
        1.0,
        -0.0007030054111965001
      ],
      [
        0.0005120296846143901,
        -0.0007030054111965001,
        1.0
      ]
    ],
    "v_proj": [
      [
        1.0,
        0.00020364817464724183,
        0.00017712570843286812
      ],
      [
        0.00020364817464724183,
        1.0,
        0.0001023328659357503
      ],
      [
        0.00017712570843286812,
        0.0001023328659357503,
        1.0
      ]
    ]
  }
}