{
  "metric": "pearson",
  "layer": 30,
  "models": [
    "solar",
    "glm",
    "phi"
  ],
  "mats": {
    "input_layernorm": [
      [
        1.0,
        0.03562280535697937,
        -0.0036783323157578707
      ],
      [
        0.03562280535697937,
        1.0,
        -0.0009362231940031052
      ],
      [
        -0.0036783323157578707,
        -0.0009362231940031052,
        1.0
      ]
    ],
    "post_attention_layernorm": [
      [
        1.0,
        -0.0027777827344834805,
        -0.01508382149040699
      ],
      [
        -0.0027777827344834805,
        1.0,
        0.0036375289782881737
      ],
      [
        -0.01508382149040699,
        0.0036375289782881737,
        1.0
      ]
    ],
    "k_proj": [
      [
        1.0,
        0.00016303345910273492,
        -0.0004551358288154006
      ],
      [
        0.00016303345910273492,
        1.0,
        0.0003028323990292847
      ],
      [
        -0.0004551358288154006,
        0.0003028323990292847,
        1.0
      ]
    ],
    "v_proj": [
      [
        1.0,
        -3.0534196412190795e-05,
        -0.0007218070677481592
      ],
      [
        -3.0534196412190795e-05,
        1.0,
        0.0005965031450614333
      ],
      [
        -0.0007218070677481592,
        0.0005965031450614333,
        1.0
      ]
    ]
  }
}