{
  "metric": "centered_cosine",
  "layer": 20,
  "models": [
    "solar",
    "glm",
    "phi"
  ],
  "mats": {
    "input_layernorm": [
      [
        1.0,
        0.018073003739118576,
        0.016240159049630165
      ],
      [
        0.018073003739118576,
        1.0,
        0.019686412066221237
      ],
      [
        0.016240159049630165,
        0.019686412066221237,
        1.0
      ]
    ],
    "post_attention_layernorm": [
      [
        1.0,
        0.012136133387684822,
        0.0004151360772084445
      ],
      [
        0.012136133387684822,
        1.0,
        -0.008028596639633179
      ],
      [
        0.0004151360772084445,
        -0.008028596639633179,
        1.0
      ]
    ],
    "k_proj": [
      [
        1.0,
        -8.315259037772194e-05,
        0.0008786477264948189
      ],
      [
        -8.315259037772194e-05,
        1.0,
        -0.00037236796924844384
      ],
      [
        0.0008786477264948189,
        -0.00037236796924844384,
        1.0
      ]
    ],
    "v_proj": [
      [
        1.0,
        -0.0013885110383853316,
        0.0006161918863654137
      ],
      [
        -0.0013885110383853316,
        1.0,
        -0.0011397895868867636
      ],
      [
        0.0006161918863654137,
        -0.0011397895868867636,
        1.0
      ]
    ]
  }
}