{
  "metric": "centered_cosine",
  "layer": 10,
  "models": [
    "solar",
    "glm",
    "phi"
  ],
  "mats": {
    "input_layernorm": [
      [
        1.0,
        0.009186751209199429,
        0.0006327909650281072
      ],
      [
        0.009186751209199429,
        1.0,
        0.016565393656492233
      ],
      [
        0.0006327909650281072,
        0.016565393656492233,
        1.0
      ]
    ],
    "post_attention_layernorm": [
      [
        1.0,
        -0.005766561254858971,
        -0.0038356429431587458
      ],
      [
        -0.005766561254858971,
        1.0,
        0.0015657056355848908
      ],
      [
        -0.0038356429431587458,
        0.0015657056355848908,
        1.0
      ]
    ],
    "k_proj": [
      [
        1.0,
        0.00014920248941052705,
        0.0005058282986283302
      ],
      [
        0.00014920248941052705,
        1.0,
        0.0005648253136314452
      ],
      [
        0.0005058282986283302,
        0.0005648253136314452,
        1.0
      ]
    ],
    "v_proj": [
      [
        1.0,
        -0.0002325720270164311,
        -0.0005206368514336646
      ],
      [
        -0.0002325720270164311,
        1.0,
        0.0011856997152790427
      ],
      [
        -0.0005206368514336646,
        0.0011856997152790427,
        1.0
      ]
    ]
  }
}