{
  "metric": "centered_cosine",
  "solar_layer": 10,
  "glm_layer": 20,
  "phi_layer": 30,
  "models": [
    "solar",
    "glm",
    "phi"
  ],
  "mats": {
    "input_layernorm": [
      [
        1.0,
        0.018977589905261993,
        0.019887175410985947
      ],
      [
        0.018977589905261993,
        1.0,
        0.008903654292225838
      ],
      [
        0.019887175410985947,
        0.008903654292225838,
        1.0
      ]
    ],
    "post_attention_layernorm": [
      [
        1.0,
        0.001901221927255392,
        -0.0004721329314634204
      ],
      [
        0.001901221927255392,
        1.0,
        0.00930825062096119
      ],
      [
        -0.0004721329314634204,
        0.00930825062096119,
        1.0
      ]
    ],
    "k_proj": [
      [
        1.0,
        -0.00019129076099488884,
        0.0005120296264067292
      ],
      [
        -0.00019129076099488884,
        1.0,
        -0.0007030052365735173
      ],
      [
        0.0005120296264067292,
        -0.0007030052365735173,
        1.0
      ]
    ],
    "v_proj": [
      [
        1.0,
        0.0002036482619587332,
        0.0001771257520886138
      ],
      [
        0.0002036482619587332,
        1.0,
        0.00010233273496851325
      ],
      [
        0.0001771257520886138,
        0.00010233273496851325,
        1.0
      ]
    ]
  }
}