{
  "metric": "centered_cosine",
  "layer": 30,
  "models": [
    "solar",
    "glm",
    "phi"
  ],
  "mats": {
    "input_layernorm": [
      [
        1.0,
        0.03562280163168907,
        -0.003678335342556238
      ],
      [
        0.03562280163168907,
        1.0,
        -0.0009362297714687884
      ],
      [
        -0.003678335342556238,
        -0.0009362297714687884,
        1.0
      ]
    ],
    "post_attention_layernorm": [
      [
        1.0,
        -0.0027777785435318947,
        -0.015083818696439266
      ],
      [
        -0.0027777785435318947,
        1.0,
        0.0036375292111188173
      ],
      [
        -0.015083818696439266,
        0.0036375292111188173,
        1.0
      ]
    ],
    "k_proj": [
      [
        1.0,
        0.0001630335464142263,
        -0.00045513579971157014
      ],
      [
        0.0001630335464142263,
        1.0,
        0.0003028322826139629
      ],
      [
        -0.00045513579971157014,
        0.0003028322826139629,
        1.0
      ]
    ],
    "v_proj": [
      [
        1.0,
        -3.053399996133521e-05,
        -0.000721807184163481
      ],
      [
        -3.053399996133521e-05,
        1.0,
        0.0005965031450614333
      ],
      [
        -0.000721807184163481,
        0.0005965031450614333,
        1.0
      ]
    ]
  }
}