{
  "metric": "rel_l2",
  "layer": 30,
  "models": [
    "solar",
    "glm",
    "phi"
  ],
  "mats": {
    "input_layernorm": [
      [
        0.0,
        1.6420538425445557,
        0.5056076645851135
      ],
      [
        1.6420538425445557,
        0.0,
        0.45122188329696655
      ],
      [
        0.5056076645851135,
        0.45122188329696655,
        0.0
      ]
    ],
    "post_attention_layernorm": [
      [
        0.0,
        1.6330047845840454,
        0.30874204635620117
      ],
      [
        1.6330047845840454,
        0.0,
        0.5103561282157898
      ],
      [
        0.30874204635620117,
        0.5103561282157898,
        0.0
      ]
    ],
    "k_proj": [
      [
        0.0,
        1.1597291231155396,
        1.2586729526519775
      ],
      [
        1.1597291231155396,
        0.0,
        1.6400903463363647
      ],
      [
        1.2586729526519775,
        1.6400903463363647,
        0.0
      ]
    ],
    "v_proj": [
      [
        0.0,
        1.3494254350662231,
        1.87642240524292
      ],
      [
        1.3494254350662231,
        0.0,
        2.01646089553833
      ],
      [
        1.87642240524292,
        2.01646089553833,
        0.0
      ]
    ]
  }
}