{
  "metric": "rel_l2",
  "solar_layer": 10,
  "glm_layer": 20,
  "phi_layer": 30,
  "models": [
    "solar",
    "glm",
    "phi"
  ],
  "mats": {
    "input_layernorm": [
      [
        0.0,
        1.7456687688827515,
        0.8595295548439026
      ],
      [
        1.7456687688827515,
        0.0,
        0.3495733439922333
      ],
      [
        0.8595295548439026,
        0.3495733439922333,
        0.0
      ]
    ],
    "post_attention_layernorm": [
      [
        0.0,
        3.06669545173645,
        1.475097417831421
      ],
      [
        3.06669545173645,
        0.0,
        0.39968371391296387
      ],
      [
        1.475097417831421,
        0.39968371391296387,
        0.0
      ]
    ],
    "k_proj": [
      [
        0.0,
        1.1951220035552979,
        1.2468653917312622
      ],
      [
        1.1951220035552979,
        0.0,
        1.5162947177886963
      ],
      [
        1.2468653917312622,
        1.5162947177886963,
        0.0
      ]
    ],
    "v_proj": [
      [
        0.0,
        1.3071330785751343,
        1.9481301307678223
      ],
      [
        1.3071330785751343,
        0.0,
        2.2233376502990723
      ],
      [
        1.9481301307678223,
        2.2233376502990723,
        0.0
      ]
    ]
  }
}