{
  "metric": "rel_l2",
  "layer": 20,
  "models": [
    "solar",
    "glm",
    "phi"
  ],
  "mats": {
    "input_layernorm": [
      [
        0.0,
        1.0257837772369385,
        0.5344816446304321
      ],
      [
        1.0257837772369385,
        0.0,
        0.27033013105392456
      ],
      [
        0.5344816446304321,
        0.27033013105392456,
        0.0
      ]
    ],
    "post_attention_layernorm": [
      [
        0.0,
        1.9579601287841797,
        0.12433582544326782
      ],
      [
        1.9579601287841797,
        0.0,
        0.6400062441825867
      ],
      [
        0.12433582544326782,
        0.6400062441825867,
        0.0
      ]
    ],
    "k_proj": [
      [
        0.0,
        1.1915584802627563,
        1.2474111318588257
      ],
      [
        1.1915584802627563,
        0.0,
        1.5260438919067383
      ],
      [
        1.2474111318588257,
        1.5260438919067383,
        0.0
      ]
    ],
    "v_proj": [
      [
        0.0,
        1.42223060131073,
        1.9081193208694458
      ],
      [
        1.42223060131073,
        0.0,
        1.8960312604904175
      ],
      [
        1.9081193208694458,
        1.8960312604904175,
        0.0
      ]
    ]
  }
}