{
  "metric": "rel_l2",
  "layer": 10,
  "models": [
    "solar",
    "glm",
    "phi"
  ],
  "mats": {
    "input_layernorm": [
      [
        0.0,
        1.1219305992126465,
        0.423066109418869
      ],
      [
        1.1219305992126465,
        0.0,
        0.3765019178390503
      ],
      [
        0.423066109418869,
        0.3765019178390503,
        0.0
      ]
    ],
    "post_attention_layernorm": [
      [
        0.0,
        1.813044548034668,
        0.2460692822933197
      ],
      [
        1.813044548034668,
        0.0,
        0.717171847820282
      ],
      [
        0.2460692822933197,
        0.717171847820282,
        0.0
      ]
    ],
    "k_proj": [
      [
        0.0,
        1.2800698280334473,
        1.4259231090545654
      ],
      [
        1.2800698280334473,
        0.0,
        1.617908239364624
      ],
      [
        1.4259231090545654,
        1.617908239364624,
        0.0
      ]
    ],
    "v_proj": [
      [
        0.0,
        1.1944949626922607,
        1.3887145519256592
      ],
      [
        1.1944949626922607,
        0.0,
        1.7807766199111938
      ],
      [
        1.3887145519256592,
        1.7807766199111938,
        0.0
      ]
    ]
  }
}